lead_id,timestamp,lead_source,pages_viewed,time_on_site_sec,visited_pricing_page,form_submission_count,email_opened_count,recency_visit_days,is_converted
L0001,2025-08-01 00:00:00,Facebook,13,827,1,0,1,8,1
L0002,2025-08-01 02:00:00,LinkedIn,11,820,0,0,0,0,0
L0003,2025-08-01 04:00:00,Referral,7,491,0,0,2,16,0
L0004,2025-08-01 06:00:00,Facebook,5,196,0,0,1,25,0
L0005,2025-08-01 08:00:00,Google,7,313,0,0,0,20,0
L0006,2025-08-01 10:00:00,Google,10,658,1,1,1,4,1
L0007,2025-08-01 12:00:00,Google,10,342,0,0,0,3,0
L0008,2025-08-01 14:00:00,WebsiteDirect,3,211,0,0,1,0,0
L0009,2025-08-01 16:00:00,Referral,11,725,0,0,1,10,1
L0010,2025-08-01 18:00:00,Referral,9,598,0,0,0,7,0
L0011,2025-08-01 20:00:00,Google,9,315,0,0,2,6,0
L0012,2025-08-01 22:00:00,LinkedIn,9,592,0,2,0,23,0
L0013,2025-08-02 00:00:00,WebsiteDirect,10,639,0,0,3,1,0
L0014,2025-08-02 02:00:00,Google,6,429,0,2,1,0,0
L0015,2025-08-02 04:00:00,Google,10,320,0,1,2,0,1
L0016,2025-08-02 06:00:00,Google,14,436,0,1,1,2,1
L0017,2025-08-02 08:00:00,Google,8,389,0,0,0,0,0
L0018,2025-08-02 10:00:00,Facebook,11,411,1,0,0,6,1
L0019,2025-08-02 12:00:00,Facebook,7,405,0,1,0,3,0
L0020,2025-08-02 14:00:00,Google,5,379,0,0,2,1,0
L0021,2025-08-02 16:00:00,Referral,7,347,0,5,4,13,1
L0022,2025-08-02 18:00:00,Google,9,650,0,2,4,2,1
L0023,2025-08-02 20:00:00,Google,8,240,0,0,1,11,0
L0024,2025-08-02 22:00:00,Facebook,10,384,1,1,1,4,1
L0025,2025-08-03 00:00:00,Facebook,9,283,0,1,2,7,0
L0026,2025-08-03 02:00:00,Referral,9,417,0,0,2,27,0
L0027,2025-08-03 04:00:00,Google,5,377,0,0,3,0,0
L0028,2025-08-03 06:00:00,Facebook,5,174,0,0,3,6,0
L0029,2025-08-03 08:00:00,Facebook,8,482,1,1,2,19,1
L0030,2025-08-03 10:00:00,Google,8,420,1,0,1,8,0
L0031,2025-08-03 12:00:00,Referral,3,230,0,0,3,3,0
L0032,2025-08-03 14:00:00,Google,4,144,0,0,2,5,0
L0033,2025-08-03 16:00:00,Google,8,324,0,0,0,11,0
L0034,2025-08-03 18:00:00,WebsiteDirect,9,283,0,1,3,22,0
L0035,2025-08-03 20:00:00,LinkedIn,8,413,0,0,2,0,0
L0036,2025-08-03 22:00:00,WebsiteDirect,8,351,0,0,3,0,0
L0037,2025-08-04 00:00:00,Google,9,661,0,0,1,3,0
L0038,2025-08-04 02:00:00,Google,7,421,0,0,1,2,0
L0039,2025-08-04 04:00:00,Referral,11,667,0,0,1,3,0
L0040,2025-08-04 06:00:00,Facebook,10,565,1,3,0,2,1
L0041,2025-08-04 08:00:00,Google,10,345,0,0,0,2,0
L0042,2025-08-04 10:00:00,Facebook,9,470,1,0,3,1,1
L0043,2025-08-04 12:00:00,Google,6,479,0,2,0,27,0
L0044,2025-08-04 14:00:00,WebsiteDirect,5,358,0,0,1,1,0
L0045,2025-08-04 16:00:00,Google,9,672,1,1,4,2,1
L0046,2025-08-04 18:00:00,Referral,6,426,1,1,2,2,1
L0047,2025-08-04 20:00:00,Google,5,175,0,1,1,27,0
L0048,2025-08-04 22:00:00,Facebook,8,330,0,3,3,14,1
L0049,2025-08-05 00:00:00,Facebook,9,271,1,0,2,15,0
L0050,2025-08-05 02:00:00,Google,12,542,0,0,1,1,0
L0051,2025-08-05 04:00:00,LinkedIn,8,283,0,0,0,18,0
L0052,2025-08-05 06:00:00,Referral,14,750,1,1,0,5,1
L0053,2025-08-05 08:00:00,WebsiteDirect,3,191,0,0,3,3,0
L0054,2025-08-05 10:00:00,WebsiteDirect,6,442,0,1,3,8,0
L0055,2025-08-05 12:00:00,Facebook,8,539,0,0,1,17,0
L0056,2025-08-05 14:00:00,WebsiteDirect,10,769,0,0,3,15,0
L0057,2025-08-05 16:00:00,Google,4,130,0,1,1,22,0
L0058,2025-08-05 18:00:00,Google,6,183,0,1,1,26,0
L0059,2025-08-05 20:00:00,Google,9,567,0,1,4,2,1
L0060,2025-08-05 22:00:00,Google,7,311,0,0,1,5,0
L0061,2025-08-06 00:00:00,Facebook,11,469,1,0,2,0,1
L0062,2025-08-06 02:00:00,Google,11,511,0,0,1,21,0
L0063,2025-08-06 04:00:00,WebsiteDirect,8,347,1,0,1,1,1
L0064,2025-08-06 06:00:00,Facebook,10,555,0,0,2,19,0
L0065,2025-08-06 08:00:00,Google,8,416,1,0,2,3,1
L0066,2025-08-06 10:00:00,Facebook,5,278,0,0,1,4,0
L0067,2025-08-06 12:00:00,Google,5,318,0,0,2,0,0
L0068,2025-08-06 14:00:00,WebsiteDirect,12,592,0,0,1,3,0
L0069,2025-08-06 16:00:00,Google,7,297,0,2,1,21,0
L0070,2025-08-06 18:00:00,LinkedIn,13,498,1,0,1,0,1
L0071,2025-08-06 20:00:00,Referral,6,284,1,1,2,5,1
L0072,2025-08-06 22:00:00,Google,7,469,0,1,1,0,1
L0073,2025-08-07 00:00:00,Google,12,814,1,1,1,4,1
L0074,2025-08-07 02:00:00,WebsiteDirect,8,506,0,1,1,1,1
L0075,2025-08-07 04:00:00,Referral,12,500,1,1,2,2,1
L0076,2025-08-07 06:00:00,Referral,3,178,0,0,1,21,0
L0077,2025-08-07 08:00:00,Referral,9,526,0,1,2,5,0
L0078,2025-08-07 10:00:00,Google,6,325,0,1,0,3,0
L0079,2025-08-07 12:00:00,Facebook,6,344,0,1,3,8,0
L0080,2025-08-07 14:00:00,Google,8,436,1,2,1,1,1
L0081,2025-08-07 16:00:00,WebsiteDirect,8,466,0,2,2,3,1
L0082,2025-08-07 18:00:00,Referral,6,394,0,1,0,7,0
L0083,2025-08-07 20:00:00,Google,5,177,0,1,0,2,0
L0084,2025-08-07 22:00:00,Google,9,607,0,0,2,11,0
L0085,2025-08-08 00:00:00,Google,11,404,0,0,1,6,0
L0086,2025-08-08 02:00:00,Google,7,233,0,0,0,14,0
L0087,2025-08-08 04:00:00,Referral,9,709,1,2,1,29,1
L0088,2025-08-08 06:00:00,Referral,4,311,0,0,3,1,0
L0089,2025-08-08 08:00:00,WebsiteDirect,4,132,0,1,2,4,0
L0090,2025-08-08 10:00:00,Facebook,6,312,0,0,0,3,0
L0091,2025-08-08 12:00:00,Google,4,157,0,0,1,1,0
L0092,2025-08-08 14:00:00,Referral,10,542,1,0,0,16,1
L0093,2025-08-08 16:00:00,Referral,10,715,1,0,2,14,0
L0094,2025-08-08 18:00:00,Facebook,9,697,0,1,0,6,0
L0095,2025-08-08 20:00:00,Referral,15,925,1,1,2,7,1
L0096,2025-08-08 22:00:00,Facebook,7,333,0,0,2,0,0
L0097,2025-08-09 00:00:00,Facebook,13,782,1,1,1,8,1
L0098,2025-08-09 02:00:00,Facebook,5,228,1,0,2,15,0
L0099,2025-08-09 04:00:00,Google,10,754,0,1,1,8,0
L0100,2025-08-09 06:00:00,Google,7,514,0,1,0,3,0
L0101,2025-08-09 08:00:00,Google,11,637,0,1,1,11,1
L0102,2025-08-09 10:00:00,Referral,7,323,0,0,3,4,0
L0103,2025-08-09 12:00:00,Google,10,446,0,2,1,7,1
L0104,2025-08-09 14:00:00,Facebook,9,285,1,0,2,6,1
L0105,2025-08-09 16:00:00,WebsiteDirect,12,849,1,0,0,4,1
L0106,2025-08-09 18:00:00,Google,5,262,0,1,0,12,0
L0107,2025-08-09 20:00:00,Facebook,6,277,0,1,4,21,0
L0108,2025-08-09 22:00:00,Referral,8,428,1,1,2,0,1
L0109,2025-08-10 00:00:00,Google,11,780,0,0,2,27,0
L0110,2025-08-10 02:00:00,Google,5,181,1,0,3,7,0
L0111,2025-08-10 04:00:00,Google,6,437,0,2,2,12,1
L0112,2025-08-10 06:00:00,Google,7,524,1,1,1,19,1
L0113,2025-08-10 08:00:00,WebsiteDirect,10,773,1,0,3,6,1
L0114,2025-08-10 10:00:00,WebsiteDirect,7,349,0,0,1,18,0
L0115,2025-08-10 12:00:00,Referral,8,326,0,2,0,1,1
L0116,2025-08-10 14:00:00,WebsiteDirect,9,438,0,0,1,1,0
L0117,2025-08-10 16:00:00,WebsiteDirect,7,326,0,0,2,10,0
L0118,2025-08-10 18:00:00,Google,7,271,0,0,2,20,0
L0119,2025-08-10 20:00:00,WebsiteDirect,8,482,0,1,2,22,0
L0120,2025-08-10 22:00:00,Facebook,11,592,0,1,0,10,0
L0121,2025-08-11 00:00:00,WebsiteDirect,12,879,1,0,0,7,1
L0122,2025-08-11 02:00:00,WebsiteDirect,8,252,0,0,2,4,0
L0123,2025-08-11 04:00:00,Google,11,684,1,1,2,39,0
L0124,2025-08-11 06:00:00,Google,5,340,0,1,3,3,1
L0125,2025-08-11 08:00:00,Google,10,679,0,0,2,13,0
L0126,2025-08-11 10:00:00,Facebook,9,668,0,0,2,7,0
L0127,2025-08-11 12:00:00,WebsiteDirect,9,598,0,0,2,9,0
L0128,2025-08-11 14:00:00,WebsiteDirect,7,534,1,1,1,5,1
L0129,2025-08-11 16:00:00,Google,9,419,0,1,1,33,0
L0130,2025-08-11 18:00:00,Facebook,12,661,1,0,2,8,1
L0131,2025-08-11 20:00:00,Facebook,7,214,1,0,0,27,0
L0132,2025-08-11 22:00:00,Google,10,303,1,0,4,0,1
L0133,2025-08-12 00:00:00,Google,7,294,1,1,0,8,1
L0134,2025-08-12 02:00:00,Google,4,140,0,0,1,12,0
L0135,2025-08-12 04:00:00,WebsiteDirect,9,387,1,0,3,13,1
L0136,2025-08-12 06:00:00,Google,4,155,0,2,1,23,0
L0137,2025-08-12 08:00:00,Facebook,7,219,0,0,0,0,1
L0138,2025-08-12 10:00:00,Referral,15,1131,1,0,0,0,1
L0139,2025-08-12 12:00:00,Facebook,10,304,0,2,2,6,1
L0140,2025-08-12 14:00:00,LinkedIn,5,334,0,2,0,0,0
L0141,2025-08-12 16:00:00,LinkedIn,7,263,0,0,2,36,0
L0142,2025-08-12 18:00:00,Google,3,226,0,0,0,2,0
L0143,2025-08-12 20:00:00,Facebook,3,223,0,0,4,6,0
L0144,2025-08-12 22:00:00,Google,8,501,1,1,0,0,1
L0145,2025-08-13 00:00:00,Google,9,572,0,2,1,7,0
L0146,2025-08-13 02:00:00,Google,8,242,0,0,3,4,0
L0147,2025-08-13 04:00:00,Referral,4,316,0,2,2,0,0
L0148,2025-08-13 06:00:00,Facebook,6,443,0,0,2,4,0
L0149,2025-08-13 08:00:00,Google,7,523,0,0,2,4,0
L0150,2025-08-13 10:00:00,Google,7,440,1,0,2,45,0
L0151,2025-08-13 12:00:00,WebsiteDirect,4,188,1,1,1,2,1
L0152,2025-08-13 14:00:00,Google,5,373,0,1,0,7,0
L0153,2025-08-13 16:00:00,Google,13,579,0,2,1,43,0
L0154,2025-08-13 18:00:00,Facebook,11,639,1,1,1,15,1
L0155,2025-08-13 20:00:00,LinkedIn,4,139,0,0,1,50,0
L0156,2025-08-13 22:00:00,Google,8,608,0,0,1,34,0
L0157,2025-08-14 00:00:00,Referral,6,222,0,0,1,6,0
L0158,2025-08-14 02:00:00,Referral,4,164,1,0,1,11,1
L0159,2025-08-14 04:00:00,Google,5,289,0,1,3,1,1
L0160,2025-08-14 06:00:00,Referral,12,818,0,0,2,5,0
L0161,2025-08-14 08:00:00,Facebook,9,548,1,1,6,16,1
L0162,2025-08-14 10:00:00,Referral,7,291,0,2,4,7,1
L0163,2025-08-14 12:00:00,Referral,11,330,0,0,1,12,0
L0164,2025-08-14 14:00:00,Facebook,10,678,0,1,1,13,0
L0165,2025-08-14 16:00:00,Google,11,871,0,0,1,2,0
L0166,2025-08-14 18:00:00,WebsiteDirect,13,916,0,0,2,20,0
L0167,2025-08-14 20:00:00,Google,9,477,0,0,1,6,0
L0168,2025-08-14 22:00:00,Google,7,526,0,0,7,2,0
L0169,2025-08-15 00:00:00,Google,5,252,0,0,0,20,0
L0170,2025-08-15 02:00:00,Facebook,8,449,1,0,3,5,0
L0171,2025-08-15 04:00:00,Referral,9,484,0,1,1,13,0
L0172,2025-08-15 06:00:00,Google,6,314,0,0,1,7,0
L0173,2025-08-15 08:00:00,Facebook,7,481,1,0,1,4,1
L0174,2025-08-15 10:00:00,Google,7,394,0,0,1,16,0
L0175,2025-08-15 12:00:00,Referral,10,458,1,0,1,8,1
L0176,2025-08-15 14:00:00,Google,10,429,1,0,1,4,1
L0177,2025-08-15 16:00:00,Referral,6,191,0,0,1,1,0
L0178,2025-08-15 18:00:00,Facebook,4,236,0,1,0,22,0
L0179,2025-08-15 20:00:00,WebsiteDirect,4,165,0,0,2,0,0
L0180,2025-08-15 22:00:00,Google,4,149,0,0,1,19,0
L0181,2025-08-16 00:00:00,Google,9,564,0,1,1,4,0
L0182,2025-08-16 02:00:00,Google,7,448,0,1,0,10,0
L0183,2025-08-16 04:00:00,WebsiteDirect,11,743,0,0,1,25,0
L0184,2025-08-16 06:00:00,WebsiteDirect,8,441,0,0,0,1,0
L0185,2025-08-16 08:00:00,Google,12,896,0,1,3,8,1
L0186,2025-08-16 10:00:00,Referral,10,768,0,2,4,14,1
L0187,2025-08-16 12:00:00,WebsiteDirect,4,281,1,0,1,14,0
L0188,2025-08-16 14:00:00,Facebook,3,185,0,0,0,7,0
L0189,2025-08-16 16:00:00,Facebook,5,225,0,0,1,9,0
L0190,2025-08-16 18:00:00,Google,10,791,0,0,2,14,0
L0191,2025-08-16 20:00:00,Google,5,218,0,0,0,18,0
L0192,2025-08-16 22:00:00,WebsiteDirect,4,160,0,1,0,14,0
L0193,2025-08-17 00:00:00,WebsiteDirect,10,521,0,0,2,4,0
L0194,2025-08-17 02:00:00,Referral,6,197,0,0,2,57,0
L0195,2025-08-17 04:00:00,Google,10,789,1,1,2,5,1
L0196,2025-08-17 06:00:00,Google,11,653,1,1,1,0,1
L0197,2025-08-17 08:00:00,Referral,5,289,0,0,2,4,0
L0198,2025-08-17 10:00:00,WebsiteDirect,8,502,0,0,2,1,0
L0199,2025-08-17 12:00:00,WebsiteDirect,6,329,0,0,2,1,0
L0200,2025-08-17 14:00:00,Referral,9,284,1,1,1,3,1
L0201,2025-08-17 16:00:00,Referral,11,666,0,0,2,0,0
L0202,2025-08-17 18:00:00,Google,13,855,1,0,1,11,1
L0203,2025-08-17 20:00:00,Google,4,203,0,1,3,0,0
L0204,2025-08-17 22:00:00,WebsiteDirect,8,542,0,0,1,2,0
L0205,2025-08-18 00:00:00,Referral,5,206,0,1,2,0,0
L0206,2025-08-18 02:00:00,Google,11,451,1,1,0,0,1
L0207,2025-08-18 04:00:00,Google,8,304,1,1,0,3,1
L0208,2025-08-18 06:00:00,Referral,3,145,0,0,3,8,0
L0209,2025-08-18 08:00:00,Google,10,723,0,1,3,33,0
L0210,2025-08-18 10:00:00,Google,12,856,0,0,0,20,0
L0211,2025-08-18 12:00:00,Facebook,7,343,0,0,1,20,0
L0212,2025-08-18 14:00:00,Referral,8,475,0,1,1,1,0
L0213,2025-08-18 16:00:00,Referral,2,132,0,3,3,3,1
L0214,2025-08-18 18:00:00,Google,6,252,0,0,1,0,0
L0215,2025-08-18 20:00:00,Referral,2,76,1,1,1,15,1
L0216,2025-08-18 22:00:00,Google,11,864,0,0,1,0,0
L0217,2025-08-19 00:00:00,Google,11,669,1,0,3,8,1
L0218,2025-08-19 02:00:00,Referral,8,632,1,0,4,2,1
L0219,2025-08-19 04:00:00,Referral,14,656,0,0,0,2,0
L0220,2025-08-19 06:00:00,WebsiteDirect,13,846,1,0,1,46,0
L0221,2025-08-19 08:00:00,Referral,2,82,0,1,1,14,0
L0222,2025-08-19 10:00:00,Facebook,12,516,1,0,0,18,1
L0223,2025-08-19 12:00:00,Google,7,389,0,0,0,8,0
L0224,2025-08-19 14:00:00,Facebook,9,413,0,0,2,20,0
L0225,2025-08-19 16:00:00,Google,6,230,0,0,1,10,0
L0226,2025-08-19 18:00:00,Google,8,345,0,1,2,29,0
L0227,2025-08-19 20:00:00,LinkedIn,9,286,0,0,2,3,0
L0228,2025-08-19 22:00:00,Facebook,7,456,0,0,1,9,0
L0229,2025-08-20 00:00:00,WebsiteDirect,8,436,0,0,1,11,0
L0230,2025-08-20 02:00:00,Referral,6,208,0,3,0,4,1
L0231,2025-08-20 04:00:00,Referral,7,270,1,1,1,21,0
L0232,2025-08-20 06:00:00,Facebook,10,351,1,0,0,39,0
L0233,2025-08-20 08:00:00,Facebook,9,545,0,2,2,6,0
L0234,2025-08-20 10:00:00,Facebook,9,312,1,0,6,4,1
L0235,2025-08-20 12:00:00,Google,2,135,0,0,2,6,0
L0236,2025-08-20 14:00:00,Referral,6,186,0,0,1,19,0
L0237,2025-08-20 16:00:00,Google,9,382,0,0,1,10,0
L0238,2025-08-20 18:00:00,Google,4,298,0,2,5,0,1
L0239,2025-08-20 20:00:00,Referral,13,857,1,1,0,7,1
L0240,2025-08-20 22:00:00,Google,8,269,0,1,4,0,1
L0241,2025-08-21 00:00:00,WebsiteDirect,11,781,1,0,1,15,1
L0242,2025-08-21 02:00:00,LinkedIn,6,327,1,0,0,3,1
L0243,2025-08-21 04:00:00,WebsiteDirect,8,578,0,0,0,6,0
L0244,2025-08-21 06:00:00,Facebook,7,420,0,2,0,16,0
L0245,2025-08-21 08:00:00,Google,11,705,1,1,1,0,1
L0246,2025-08-21 10:00:00,WebsiteDirect,8,637,1,1,2,1,1
L0247,2025-08-21 12:00:00,Facebook,11,457,0,0,0,5,0
L0248,2025-08-21 14:00:00,LinkedIn,2,122,0,0,1,2,0
L0249,2025-08-21 16:00:00,LinkedIn,5,265,0,1,0,4,0
L0250,2025-08-21 18:00:00,WebsiteDirect,5,159,0,1,0,60,0
L0251,2025-08-21 20:00:00,Google,6,184,0,2,1,17,0
L0252,2025-08-21 22:00:00,Facebook,12,431,0,0,2,21,0
L0253,2025-08-22 00:00:00,WebsiteDirect,5,312,1,1,2,27,0
L0254,2025-08-22 02:00:00,Google,7,408,0,1,1,4,0
L0255,2025-08-22 04:00:00,Google,7,403,1,0,0,3,0
L0256,2025-08-22 06:00:00,Facebook,13,410,1,1,4,2,1
L0257,2025-08-22 08:00:00,WebsiteDirect,9,481,1,0,4,17,0
L0258,2025-08-22 10:00:00,Referral,8,609,0,0,1,11,0
L0259,2025-08-22 12:00:00,Facebook,8,399,1,1,1,2,1
L0260,2025-08-22 14:00:00,Google,4,244,0,0,1,4,0
L0261,2025-08-22 16:00:00,Referral,10,689,1,0,1,7,1
L0262,2025-08-22 18:00:00,LinkedIn,13,899,0,0,2,7,0
L0263,2025-08-22 20:00:00,Google,6,335,0,0,0,21,0
L0264,2025-08-22 22:00:00,Facebook,9,656,1,0,1,4,0
L0265,2025-08-23 00:00:00,WebsiteDirect,9,446,1,1,1,23,1
L0266,2025-08-23 02:00:00,Referral,9,669,0,0,0,5,0
L0267,2025-08-23 04:00:00,Referral,3,126,0,1,0,13,0
L0268,2025-08-23 06:00:00,Referral,8,352,0,0,3,26,0
L0269,2025-08-23 08:00:00,Facebook,9,293,0,0,2,23,0
L0270,2025-08-23 10:00:00,Google,7,488,1,0,1,0,1
L0271,2025-08-23 12:00:00,WebsiteDirect,6,305,0,1,0,2,0
L0272,2025-08-23 14:00:00,WebsiteDirect,4,165,1,0,0,6,0
L0273,2025-08-23 16:00:00,WebsiteDirect,16,665,1,1,0,5,1
L0274,2025-08-23 18:00:00,WebsiteDirect,11,825,1,0,1,10,0
L0275,2025-08-23 20:00:00,Facebook,9,645,0,0,0,28,0
L0276,2025-08-23 22:00:00,Facebook,7,403,0,1,1,1,1
L0277,2025-08-24 00:00:00,Referral,13,790,0,1,0,6,1
L0278,2025-08-24 02:00:00,Referral,4,214,0,1,1,2,0
L0279,2025-08-24 04:00:00,Referral,10,495,1,0,2,22,0
L0280,2025-08-24 06:00:00,Referral,8,606,0,1,1,33,0
L0281,2025-08-24 08:00:00,WebsiteDirect,8,290,0,0,3,6,0
L0282,2025-08-24 10:00:00,Google,5,254,0,0,4,1,0
L0283,2025-08-24 12:00:00,Facebook,9,425,0,0,3,15,0
L0284,2025-08-24 14:00:00,Google,5,274,0,1,1,11,0
L0285,2025-08-24 16:00:00,Facebook,6,317,0,1,1,4,0
L0286,2025-08-24 18:00:00,Google,8,447,1,0,2,21,1
L0287,2025-08-24 20:00:00,Facebook,5,184,0,0,2,37,0
L0288,2025-08-24 22:00:00,Facebook,13,723,1,2,1,8,1
L0289,2025-08-25 00:00:00,Google,11,463,1,1,0,8,1
L0290,2025-08-25 02:00:00,Facebook,9,352,1,1,2,3,1
L0291,2025-08-25 04:00:00,Google,6,199,0,2,0,8,1
L0292,2025-08-25 06:00:00,Google,9,613,0,0,2,5,0
L0293,2025-08-25 08:00:00,WebsiteDirect,9,462,1,0,0,3,0
L0294,2025-08-25 10:00:00,Facebook,3,183,0,0,2,0,0
L0295,2025-08-25 12:00:00,Google,7,464,0,1,3,2,1
L0296,2025-08-25 14:00:00,Facebook,8,511,0,1,5,2,1
L0297,2025-08-25 16:00:00,Referral,8,428,1,0,1,7,1
L0298,2025-08-25 18:00:00,Google,7,345,1,1,2,9,1
L0299,2025-08-25 20:00:00,Referral,6,292,0,1,1,9,0
L0300,2025-08-25 22:00:00,Google,5,310,0,1,0,4,0
L0301,2025-08-26 00:00:00,Google,10,547,1,0,2,5,1
L0302,2025-08-26 02:00:00,Facebook,5,362,0,1,1,17,0
L0303,2025-08-26 04:00:00,Facebook,8,589,0,0,1,6,0
L0304,2025-08-26 06:00:00,Referral,8,308,0,0,0,44,0
L0305,2025-08-26 08:00:00,Referral,8,294,0,0,1,5,0
L0306,2025-08-26 10:00:00,LinkedIn,6,369,0,0,2,10,0
L0307,2025-08-26 12:00:00,Facebook,8,360,0,2,2,0,1
L0308,2025-08-26 14:00:00,Google,7,216,0,0,1,10,0
L0309,2025-08-26 16:00:00,Referral,10,744,0,1,1,19,0
L0310,2025-08-26 18:00:00,Google,7,289,0,1,0,28,0
L0311,2025-08-26 20:00:00,Facebook,8,611,0,1,1,59,0
L0312,2025-08-26 22:00:00,Google,9,592,1,1,2,3,1
L0313,2025-08-27 00:00:00,Google,8,545,0,0,1,8,0
L0314,2025-08-27 02:00:00,LinkedIn,6,240,0,1,2,5,0
L0315,2025-08-27 04:00:00,WebsiteDirect,9,375,1,0,2,8,1
L0316,2025-08-27 06:00:00,Referral,7,392,0,0,2,1,0
L0317,2025-08-27 08:00:00,Facebook,8,308,0,0,1,19,0
L0318,2025-08-27 10:00:00,Google,11,497,0,2,0,24,1
L0319,2025-08-27 12:00:00,Google,7,322,0,1,3,5,0
L0320,2025-08-27 14:00:00,Google,9,341,1,1,5,3,1
L0321,2025-08-27 16:00:00,Facebook,8,322,1,0,0,1,1
L0322,2025-08-27 18:00:00,Referral,6,416,0,0,0,11,0
L0323,2025-08-27 20:00:00,Referral,6,230,0,0,1,3,0
L0324,2025-08-27 22:00:00,Google,14,439,0,0,2,24,0
L0325,2025-08-28 00:00:00,LinkedIn,12,737,0,0,1,11,0
L0326,2025-08-28 02:00:00,Referral,5,393,0,1,2,10,0
L0327,2025-08-28 04:00:00,Facebook,12,558,1,1,4,8,1
L0328,2025-08-28 06:00:00,Referral,8,287,0,2,1,0,1
L0329,2025-08-28 08:00:00,Facebook,7,409,0,2,1,26,0
L0330,2025-08-28 10:00:00,Google,4,301,0,0,2,9,0
L0331,2025-08-28 12:00:00,Facebook,5,346,0,0,2,51,0
L0332,2025-08-28 14:00:00,Referral,5,305,0,0,2,7,0
L0333,2025-08-28 16:00:00,Google,4,183,0,0,1,12,0
L0334,2025-08-28 18:00:00,Google,7,399,0,1,2,0,0
L0335,2025-08-28 20:00:00,Google,9,311,0,0,0,9,0
L0336,2025-08-28 22:00:00,Google,7,447,0,0,0,14,0
L0337,2025-08-29 00:00:00,WebsiteDirect,6,397,0,1,3,15,0
L0338,2025-08-29 02:00:00,Referral,7,547,0,0,5,14,0
L0339,2025-08-29 04:00:00,Facebook,4,172,1,0,2,2,0
L0340,2025-08-29 06:00:00,Google,9,278,0,3,0,37,0
L0341,2025-08-29 08:00:00,Facebook,10,572,0,0,3,53,0
L0342,2025-08-29 10:00:00,Facebook,11,718,1,1,0,0,1
L0343,2025-08-29 12:00:00,Google,11,764,1,0,0,27,0
L0344,2025-08-29 14:00:00,Facebook,8,317,0,0,0,3,0
L0345,2025-08-29 16:00:00,Facebook,10,430,0,0,1,11,0
L0346,2025-08-29 18:00:00,Referral,9,500,1,1,3,4,1
L0347,2025-08-29 20:00:00,Referral,8,372,0,1,2,34,0
L0348,2025-08-29 22:00:00,Google,3,219,0,0,0,1,0
L0349,2025-08-30 00:00:00,Facebook,5,268,0,0,0,6,0
L0350,2025-08-30 02:00:00,Referral,7,489,0,1,0,5,1
L0351,2025-08-30 04:00:00,Facebook,7,413,0,0,0,3,0
L0352,2025-08-30 06:00:00,WebsiteDirect,8,549,0,0,1,10,0
L0353,2025-08-30 08:00:00,Referral,5,233,1,0,4,1,1
L0354,2025-08-30 10:00:00,Google,7,500,0,2,1,12,1
L0355,2025-08-30 12:00:00,Google,7,306,0,1,4,39,0
L0356,2025-08-30 14:00:00,Referral,7,401,0,0,0,16,0
L0357,2025-08-30 16:00:00,Google,7,284,1,1,0,19,1
L0358,2025-08-30 18:00:00,Facebook,10,537,0,0,3,4,0
L0359,2025-08-30 20:00:00,WebsiteDirect,7,321,0,0,5,3,1
L0360,2025-08-30 22:00:00,Facebook,9,390,0,0,1,7,0
L0361,2025-08-31 00:00:00,Facebook,7,548,1,1,0,0,1
L0362,2025-08-31 02:00:00,Referral,5,190,0,1,2,29,0
L0363,2025-08-31 04:00:00,Facebook,8,554,0,0,2,1,1
L0364,2025-08-31 06:00:00,Facebook,12,950,0,0,1,23,0
L0365,2025-08-31 08:00:00,WebsiteDirect,4,123,0,0,2,0,0
L0366,2025-08-31 10:00:00,Facebook,9,584,0,2,1,17,1
L0367,2025-08-31 12:00:00,LinkedIn,7,298,0,2,1,1,1
L0368,2025-08-31 14:00:00,WebsiteDirect,9,288,1,1,0,0,1
L0369,2025-08-31 16:00:00,Google,10,501,1,0,0,12,0
L0370,2025-08-31 18:00:00,Google,6,460,0,0,2,3,0
L0371,2025-08-31 20:00:00,Google,11,336,1,0,4,12,1
L0372,2025-08-31 22:00:00,Google,6,356,0,0,1,8,0
L0373,2025-09-01 00:00:00,Google,9,495,0,0,2,1,0
L0374,2025-09-01 02:00:00,Referral,9,663,1,0,1,26,0
L0375,2025-09-01 04:00:00,Google,7,239,0,2,0,6,0
L0376,2025-09-01 06:00:00,Google,7,448,0,0,0,13,0
L0377,2025-09-01 08:00:00,WebsiteDirect,8,512,0,0,3,6,0
L0378,2025-09-01 10:00:00,Google,12,761,1,0,2,9,1
L0379,2025-09-01 12:00:00,WebsiteDirect,7,539,0,0,1,3,0
L0380,2025-09-01 14:00:00,Google,4,284,0,0,0,2,0
L0381,2025-09-01 16:00:00,Google,7,224,1,0,2,7,0
L0382,2025-09-01 18:00:00,Referral,7,374,0,1,0,5,0
L0383,2025-09-01 20:00:00,Referral,7,349,0,0,0,4,0
L0384,2025-09-01 22:00:00,WebsiteDirect,5,227,1,0,1,11,0
L0385,2025-09-02 00:00:00,Referral,7,367,0,1,2,11,1
L0386,2025-09-02 02:00:00,WebsiteDirect,6,295,0,0,2,0,0
L0387,2025-09-02 04:00:00,Google,7,361,0,0,0,4,0
L0388,2025-09-02 06:00:00,Google,7,552,0,0,1,5,0
L0389,2025-09-02 08:00:00,Referral,11,378,0,0,0,1,0
L0390,2025-09-02 10:00:00,WebsiteDirect,10,761,0,2,0,2,1
L0391,2025-09-02 12:00:00,LinkedIn,8,432,0,0,4,0,0
L0392,2025-09-02 14:00:00,Facebook,11,673,0,1,1,55,0
L0393,2025-09-02 16:00:00,Facebook,7,500,0,0,0,13,0
L0394,2025-09-02 18:00:00,Referral,11,528,1,0,0,0,0
L0395,2025-09-02 20:00:00,Google,4,206,0,0,0,0,0
L0396,2025-09-02 22:00:00,WebsiteDirect,6,302,0,2,0,12,0
L0397,2025-09-03 00:00:00,WebsiteDirect,8,389,0,0,1,5,0
L0398,2025-09-03 02:00:00,Facebook,12,915,1,0,3,15,1
L0399,2025-09-03 04:00:00,Referral,6,428,0,0,1,25,0
L0400,2025-09-03 06:00:00,Referral,6,212,1,2,0,9,1
L0401,2025-09-03 08:00:00,Google,8,283,0,2,0,2,0
L0402,2025-09-03 10:00:00,WebsiteDirect,10,513,1,0,2,15,1
L0403,2025-09-03 12:00:00,Facebook,9,314,0,0,0,31,0
L0404,2025-09-03 14:00:00,WebsiteDirect,13,792,0,1,1,8,0
L0405,2025-09-03 16:00:00,Google,8,297,0,3,1,11,1
L0406,2025-09-03 18:00:00,WebsiteDirect,11,617,0,1,1,4,0
L0407,2025-09-03 20:00:00,Facebook,10,303,0,1,1,4,0
L0408,2025-09-03 22:00:00,Google,11,504,0,0,2,13,0
L0409,2025-09-04 00:00:00,WebsiteDirect,13,830,1,1,6,26,1
L0410,2025-09-04 02:00:00,Google,6,325,0,0,6,9,0
L0411,2025-09-04 04:00:00,Google,12,946,0,1,5,15,1
L0412,2025-09-04 06:00:00,LinkedIn,7,515,0,0,1,1,0
L0413,2025-09-04 08:00:00,LinkedIn,9,431,0,0,2,2,0
L0414,2025-09-04 10:00:00,Facebook,5,161,0,1,0,7,0
L0415,2025-09-04 12:00:00,Referral,8,578,0,0,4,1,0
L0416,2025-09-04 14:00:00,Facebook,10,755,0,0,1,10,1
L0417,2025-09-04 16:00:00,Google,9,639,0,0,1,3,0
L0418,2025-09-04 18:00:00,Google,2,72,0,0,2,15,0
L0419,2025-09-04 20:00:00,Referral,8,639,0,0,1,16,0
L0420,2025-09-04 22:00:00,Referral,7,300,0,1,1,6,0
L0421,2025-09-05 00:00:00,Referral,4,264,0,0,0,1,0
L0422,2025-09-05 02:00:00,Referral,8,603,1,1,1,10,1
L0423,2025-09-05 04:00:00,Google,13,543,0,0,2,49,0
L0424,2025-09-05 06:00:00,Facebook,5,377,0,0,0,9,0
L0425,2025-09-05 08:00:00,Google,4,181,0,0,2,0,0
L0426,2025-09-05 10:00:00,Facebook,9,709,0,1,3,0,0
L0427,2025-09-05 12:00:00,Facebook,4,176,0,0,3,3,0
L0428,2025-09-05 14:00:00,WebsiteDirect,6,466,0,0,1,2,0
L0429,2025-09-05 16:00:00,Facebook,8,261,1,0,3,16,1
L0430,2025-09-05 18:00:00,Google,11,720,1,0,2,18,1
L0431,2025-09-05 20:00:00,Google,8,452,1,1,0,2,1
L0432,2025-09-05 22:00:00,Referral,4,215,0,0,1,3,0
L0433,2025-09-06 00:00:00,Referral,6,247,0,0,2,2,0
L0434,2025-09-06 02:00:00,Google,9,587,0,0,3,23,0
L0435,2025-09-06 04:00:00,Google,9,355,1,1,2,6,1
L0436,2025-09-06 06:00:00,Referral,6,345,0,1,1,10,0
L0437,2025-09-06 08:00:00,Google,10,426,0,0,0,5,0
L0438,2025-09-06 10:00:00,WebsiteDirect,6,466,0,0,2,9,0
L0439,2025-09-06 12:00:00,Referral,4,125,0,1,4,4,0
L0440,2025-09-06 14:00:00,Google,4,159,1,0,0,4,0
L0441,2025-09-06 16:00:00,Google,8,336,0,1,2,10,1
L0442,2025-09-06 18:00:00,LinkedIn,9,456,0,1,1,8,0
L0443,2025-09-06 20:00:00,Facebook,10,416,0,1,0,3,0
L0444,2025-09-06 22:00:00,Facebook,13,709,1,2,4,1,1
L0445,2025-09-07 00:00:00,WebsiteDirect,11,809,0,1,0,4,0
L0446,2025-09-07 02:00:00,WebsiteDirect,8,524,1,0,2,5,1
L0447,2025-09-07 04:00:00,LinkedIn,11,648,0,0,2,9,0
L0448,2025-09-07 06:00:00,Referral,1,34,0,0,2,24,0
L0449,2025-09-07 08:00:00,Facebook,14,905,1,2,2,0,1
L0450,2025-09-07 10:00:00,Google,10,383,0,0,3,2,0
L0451,2025-09-07 12:00:00,Referral,9,623,0,0,0,2,0
L0452,2025-09-07 14:00:00,Facebook,10,425,0,0,1,6,0
L0453,2025-09-07 16:00:00,Facebook,6,305,0,0,1,5,0
L0454,2025-09-07 18:00:00,WebsiteDirect,12,570,1,0,1,13,1
L0455,2025-09-07 20:00:00,Google,6,437,0,0,1,2,0
L0456,2025-09-07 22:00:00,Facebook,11,399,0,0,2,9,0
L0457,2025-09-08 00:00:00,Google,7,407,0,2,0,21,0
L0458,2025-09-08 02:00:00,Facebook,7,259,0,1,0,24,0
L0459,2025-09-08 04:00:00,Google,7,456,1,0,2,31,0
L0460,2025-09-08 06:00:00,Google,3,225,0,0,1,14,0
L0461,2025-09-08 08:00:00,Google,5,258,1,2,3,23,1
L0462,2025-09-08 10:00:00,Referral,7,380,1,1,1,2,1
L0463,2025-09-08 12:00:00,Referral,14,1069,0,0,2,2,1
L0464,2025-09-08 14:00:00,Facebook,9,504,0,0,4,0,0
L0465,2025-09-08 16:00:00,LinkedIn,4,217,0,0,1,12,0
L0466,2025-09-08 18:00:00,Facebook,12,706,0,0,0,27,0
L0467,2025-09-08 20:00:00,Google,9,580,0,1,2,2,0
L0468,2025-09-08 22:00:00,WebsiteDirect,5,176,0,0,4,10,0
L0469,2025-09-09 00:00:00,Google,5,355,0,0,1,13,0
L0470,2025-09-09 02:00:00,LinkedIn,7,362,1,0,1,26,0
L0471,2025-09-09 04:00:00,Google,13,437,0,0,2,10,0
L0472,2025-09-09 06:00:00,LinkedIn,10,693,0,0,1,35,0
L0473,2025-09-09 08:00:00,Google,10,488,1,0,2,4,1
L0474,2025-09-09 10:00:00,WebsiteDirect,5,175,0,1,1,4,0
L0475,2025-09-09 12:00:00,Facebook,7,431,0,0,2,7,0
L0476,2025-09-09 14:00:00,LinkedIn,5,370,0,3,1,4,1
L0477,2025-09-09 16:00:00,Google,11,818,0,0,1,0,0
L0478,2025-09-09 18:00:00,Facebook,7,545,0,0,1,13,0
L0479,2025-09-09 20:00:00,LinkedIn,9,660,0,0,2,13,0
L0480,2025-09-09 22:00:00,Facebook,7,210,0,1,1,13,0
L0481,2025-09-10 00:00:00,Referral,8,392,0,0,2,4,0
L0482,2025-09-10 02:00:00,Referral,6,425,0,0,1,7,0
L0483,2025-09-10 04:00:00,Facebook,2,96,1,0,2,4,0
L0484,2025-09-10 06:00:00,Referral,6,360,0,1,1,0,0
L0485,2025-09-10 08:00:00,Facebook,6,361,1,2,2,8,1
L0486,2025-09-10 10:00:00,WebsiteDirect,12,579,1,0,0,1,1
L0487,2025-09-10 12:00:00,Google,5,376,0,0,4,0,0
L0488,2025-09-10 14:00:00,Google,5,275,0,0,3,14,0
L0489,2025-09-10 16:00:00,LinkedIn,6,319,0,1,2,0,0
L0490,2025-09-10 18:00:00,WebsiteDirect,6,479,1,1,0,31,1
L0491,2025-09-10 20:00:00,Facebook,9,492,0,0,0,7,0
L0492,2025-09-10 22:00:00,Referral,12,467,1,0,1,40,0
L0493,2025-09-11 00:00:00,Google,10,556,0,0,1,0,0
L0494,2025-09-11 02:00:00,Google,5,353,0,1,3,8,0
L0495,2025-09-11 04:00:00,Facebook,10,688,0,1,1,4,1
L0496,2025-09-11 06:00:00,Facebook,12,833,0,0,4,18,0
L0497,2025-09-11 08:00:00,Facebook,4,261,0,1,5,4,1
L0498,2025-09-11 10:00:00,Google,8,341,0,1,1,3,0
L0499,2025-09-11 12:00:00,LinkedIn,8,584,0,1,1,19,0
L0500,2025-09-11 14:00:00,LinkedIn,7,522,0,0,3,4,0
L0501,2025-09-11 16:00:00,Referral,6,238,0,0,3,0,0
L0502,2025-09-11 18:00:00,Facebook,6,219,0,0,3,4,0
L0503,2025-09-11 20:00:00,Google,8,630,1,2,2,10,1
L0504,2025-09-11 22:00:00,WebsiteDirect,9,660,1,0,2,2,1
L0505,2025-09-12 00:00:00,Referral,11,821,0,0,2,5,0
L0506,2025-09-12 02:00:00,Google,11,817,0,0,1,0,0
L0507,2025-09-12 04:00:00,WebsiteDirect,6,342,0,0,1,8,0
L0508,2025-09-12 06:00:00,WebsiteDirect,8,498,0,0,2,14,0
L0509,2025-09-12 08:00:00,WebsiteDirect,10,572,0,1,2,5,0
L0510,2025-09-12 10:00:00,Referral,6,195,0,0,1,5,0
L0511,2025-09-12 12:00:00,Referral,7,470,0,1,3,0,1
L0512,2025-09-12 14:00:00,Facebook,6,331,0,0,3,2,0
L0513,2025-09-12 16:00:00,WebsiteDirect,8,499,0,1,4,1,1
L0514,2025-09-12 18:00:00,WebsiteDirect,8,441,0,0,1,6,0
L0515,2025-09-12 20:00:00,Google,13,709,0,0,3,7,0
L0516,2025-09-12 22:00:00,Google,5,192,0,2,1,29,0
L0517,2025-09-13 00:00:00,Facebook,9,395,0,0,3,0,1
L0518,2025-09-13 02:00:00,WebsiteDirect,8,303,1,0,1,9,1
L0519,2025-09-13 04:00:00,LinkedIn,11,437,0,0,1,7,0
L0520,2025-09-13 06:00:00,Google,7,550,1,0,2,7,0
L0521,2025-09-13 08:00:00,Facebook,8,301,0,0,2,20,0
L0522,2025-09-13 10:00:00,Facebook,4,173,0,0,1,2,0
L0523,2025-09-13 12:00:00,LinkedIn,7,416,0,1,0,0,0
L0524,2025-09-13 14:00:00,WebsiteDirect,8,484,0,1,0,11,0
L0525,2025-09-13 16:00:00,WebsiteDirect,12,452,0,0,3,4,0
L0526,2025-09-13 18:00:00,Facebook,8,557,0,1,0,0,1
L0527,2025-09-13 20:00:00,Facebook,7,484,0,0,1,2,0
L0528,2025-09-13 22:00:00,Google,9,376,0,0,1,3,0
L0529,2025-09-14 00:00:00,Google,9,399,0,0,3,9,0
L0530,2025-09-14 02:00:00,WebsiteDirect,10,768,0,1,1,1,1
L0531,2025-09-14 04:00:00,WebsiteDirect,4,285,0,0,2,5,0
L0532,2025-09-14 06:00:00,LinkedIn,5,324,1,1,1,6,1
L0533,2025-09-14 08:00:00,LinkedIn,10,341,0,0,1,6,0
L0534,2025-09-14 10:00:00,Facebook,13,661,1,1,2,36,1
L0535,2025-09-14 12:00:00,Referral,13,753,0,1,3,0,1
L0536,2025-09-14 14:00:00,WebsiteDirect,7,275,0,1,2,30,0
L0537,2025-09-14 16:00:00,WebsiteDirect,8,419,0,2,0,8,1
L0538,2025-09-14 18:00:00,Google,6,360,1,0,1,15,0
L0539,2025-09-14 20:00:00,Facebook,10,463,0,0,1,5,0
L0540,2025-09-14 22:00:00,Google,8,552,1,1,1,6,1
L0541,2025-09-15 00:00:00,LinkedIn,5,360,0,0,2,21,0
L0542,2025-09-15 02:00:00,Referral,10,461,0,1,1,22,0
L0543,2025-09-15 04:00:00,Google,13,935,1,1,0,2,1
L0544,2025-09-15 06:00:00,Referral,3,105,0,0,1,2,0
L0545,2025-09-15 08:00:00,Referral,10,718,0,0,4,6,1
L0546,2025-09-15 10:00:00,Facebook,1,37,0,0,2,23,0
L0547,2025-09-15 12:00:00,Google,5,170,0,1,0,3,0
L0548,2025-09-15 14:00:00,Referral,10,620,1,0,2,10,1
L0549,2025-09-15 16:00:00,Facebook,13,696,0,0,0,12,0
L0550,2025-09-15 18:00:00,Referral,11,829,1,0,4,15,1
L0551,2025-09-15 20:00:00,Facebook,6,288,0,1,2,8,0
L0552,2025-09-15 22:00:00,WebsiteDirect,9,399,0,0,1,5,0
L0553,2025-09-16 00:00:00,Facebook,11,605,1,0,1,34,0
L0554,2025-09-16 02:00:00,Facebook,8,422,1,0,2,9,1
L0555,2025-09-16 04:00:00,WebsiteDirect,6,283,0,2,2,13,0
L0556,2025-09-16 06:00:00,Facebook,4,258,0,3,3,4,1
L0557,2025-09-16 08:00:00,Google,10,679,0,0,0,11,0
L0558,2025-09-16 10:00:00,Google,13,944,0,0,2,2,1
L0559,2025-09-16 12:00:00,Referral,6,471,0,0,2,2,0
L0560,2025-09-16 14:00:00,Referral,6,259,0,1,2,12,0
L0561,2025-09-16 16:00:00,Referral,8,526,1,0,0,7,1
L0562,2025-09-16 18:00:00,Google,8,397,1,0,3,11,1
L0563,2025-09-16 20:00:00,Google,10,638,0,0,2,3,0
L0564,2025-09-16 22:00:00,Google,7,376,0,0,0,9,0
L0565,2025-09-17 00:00:00,Facebook,8,637,1,2,5,5,1
L0566,2025-09-17 02:00:00,Facebook,8,531,0,0,3,9,0
L0567,2025-09-17 04:00:00,Facebook,13,1009,1,0,0,3,1
L0568,2025-09-17 06:00:00,Facebook,8,573,0,0,2,12,0
L0569,2025-09-17 08:00:00,WebsiteDirect,6,450,0,1,2,16,0
L0570,2025-09-17 10:00:00,Google,9,636,1,0,2,3,1
L0571,2025-09-17 12:00:00,Facebook,6,317,0,1,4,3,1
L0572,2025-09-17 14:00:00,Referral,7,298,0,0,0,10,0
L0573,2025-09-17 16:00:00,Facebook,6,291,0,0,0,11,0
L0574,2025-09-17 18:00:00,Referral,12,372,1,0,1,12,0
L0575,2025-09-17 20:00:00,WebsiteDirect,4,224,1,0,3,11,1
L0576,2025-09-17 22:00:00,WebsiteDirect,7,386,0,0,2,4,0
L0577,2025-09-18 00:00:00,Google,6,337,0,1,2,5,1
L0578,2025-09-18 02:00:00,WebsiteDirect,10,787,0,0,1,2,0
L0579,2025-09-18 04:00:00,Facebook,3,226,0,1,1,1,0
L0580,2025-09-18 06:00:00,Google,7,266,0,0,0,11,0
L0581,2025-09-18 08:00:00,Facebook,6,290,0,0,1,0,0
L0582,2025-09-18 10:00:00,LinkedIn,7,358,0,1,1,27,0
L0583,2025-09-18 12:00:00,Facebook,5,240,0,1,2,17,0
L0584,2025-09-18 14:00:00,Google,10,699,0,0,2,19,0
L0585,2025-09-18 16:00:00,Referral,8,449,1,1,3,23,1
L0586,2025-09-18 18:00:00,Google,6,351,0,0,2,5,0
L0587,2025-09-18 20:00:00,Google,7,508,0,0,1,18,0
L0588,2025-09-18 22:00:00,Google,6,421,1,1,1,1,1
L0589,2025-09-19 00:00:00,Google,14,512,0,0,3,0,1
L0590,2025-09-19 02:00:00,Google,9,591,1,0,3,15,0
L0591,2025-09-19 04:00:00,Google,7,362,0,0,2,0,0
L0592,2025-09-19 06:00:00,Referral,8,357,0,0,2,44,0
L0593,2025-09-19 08:00:00,Google,8,260,0,0,3,11,0
L0594,2025-09-19 10:00:00,Google,12,652,0,2,1,14,1
L0595,2025-09-19 12:00:00,WebsiteDirect,10,477,1,2,2,2,1
L0596,2025-09-19 14:00:00,Facebook,11,468,0,0,2,11,0
L0597,2025-09-19 16:00:00,Referral,9,582,0,0,1,0,0
L0598,2025-09-19 18:00:00,Google,5,342,0,1,1,18,0
L0599,2025-09-19 20:00:00,Google,6,253,0,1,3,1,0
L0600,2025-09-19 22:00:00,Google,8,259,0,0,2,11,0
L0601,2025-09-20 00:00:00,Google,6,434,0,0,1,2,0
L0602,2025-09-20 02:00:00,Google,10,304,0,0,2,0,0
L0603,2025-09-20 04:00:00,Google,10,768,0,2,2,6,1
L0604,2025-09-20 06:00:00,Google,7,429,0,2,4,1,1
L0605,2025-09-20 08:00:00,Google,8,368,0,1,1,13,1
L0606,2025-09-20 10:00:00,Facebook,12,507,1,0,0,2,0
L0607,2025-09-20 12:00:00,Google,8,243,0,0,1,4,0
L0608,2025-09-20 14:00:00,Facebook,8,334,0,1,0,8,0
L0609,2025-09-20 16:00:00,Facebook,12,442,1,2,1,3,1
L0610,2025-09-20 18:00:00,Referral,5,303,0,0,0,4,0
L0611,2025-09-20 20:00:00,Google,6,229,0,0,0,16,0
L0612,2025-09-20 22:00:00,Referral,9,507,0,0,0,1,1
L0613,2025-09-21 00:00:00,Referral,8,476,0,0,3,0,0
L0614,2025-09-21 02:00:00,Google,13,583,0,0,0,3,0
L0615,2025-09-21 04:00:00,WebsiteDirect,5,158,1,0,0,5,0
L0616,2025-09-21 06:00:00,WebsiteDirect,8,254,0,0,1,7,0
L0617,2025-09-21 08:00:00,Google,4,125,1,0,2,4,1
L0618,2025-09-21 10:00:00,Google,3,200,0,0,0,15,0
L0619,2025-09-21 12:00:00,WebsiteDirect,13,596,0,2,2,0,1
L0620,2025-09-21 14:00:00,Referral,6,418,0,0,4,5,0
L0621,2025-09-21 16:00:00,Google,7,361,1,0,1,4,1
L0622,2025-09-21 18:00:00,Google,10,526,1,0,2,10,1
L0623,2025-09-21 20:00:00,Facebook,7,389,0,0,1,33,0
L0624,2025-09-21 22:00:00,Facebook,8,525,0,1,2,7,0
L0625,2025-09-22 00:00:00,Referral,8,349,0,0,0,43,0
L0626,2025-09-22 02:00:00,Facebook,7,252,0,1,4,3,0
L0627,2025-09-22 04:00:00,Facebook,8,462,0,0,1,0,0
L0628,2025-09-22 06:00:00,Referral,8,370,1,0,0,1,0
L0629,2025-09-22 08:00:00,Google,9,469,0,0,1,5,0
L0630,2025-09-22 10:00:00,Google,6,374,0,0,1,3,0
L0631,2025-09-22 12:00:00,Referral,8,437,0,0,1,1,0
L0632,2025-09-22 14:00:00,WebsiteDirect,11,671,0,0,1,5,0
L0633,2025-09-22 16:00:00,Facebook,12,686,0,0,0,4,0
L0634,2025-09-22 18:00:00,Facebook,7,468,0,1,2,1,0
L0635,2025-09-22 20:00:00,Google,9,587,1,0,4,3,0
L0636,2025-09-22 22:00:00,Facebook,6,340,0,0,3,21,0
L0637,2025-09-23 00:00:00,Facebook,9,575,0,0,2,3,0
L0638,2025-09-23 02:00:00,Google,5,368,0,1,1,12,0
L0639,2025-09-23 04:00:00,Google,13,670,0,0,3,9,1
L0640,2025-09-23 06:00:00,Facebook,12,607,0,0,0,5,0
L0641,2025-09-23 08:00:00,Google,8,545,1,0,0,2,1
L0642,2025-09-23 10:00:00,Google,8,473,0,0,2,4,0
L0643,2025-09-23 12:00:00,Google,5,167,1,2,2,8,1
L0644,2025-09-23 14:00:00,Google,9,671,0,0,2,4,0
L0645,2025-09-23 16:00:00,Google,3,94,0,0,3,2,0
L0646,2025-09-23 18:00:00,WebsiteDirect,8,539,1,0,4,1,1
L0647,2025-09-23 20:00:00,Facebook,10,679,0,1,2,21,0
L0648,2025-09-23 22:00:00,Referral,8,621,1,0,0,5,1
L0649,2025-09-24 00:00:00,Referral,13,425,0,0,0,9,0
L0650,2025-09-24 02:00:00,Facebook,3,179,0,1,1,6,0
L0651,2025-09-24 04:00:00,Google,9,462,1,0,2,20,1
L0652,2025-09-24 06:00:00,Facebook,4,186,1,0,0,7,0
L0653,2025-09-24 08:00:00,Facebook,12,414,0,0,0,6,0
L0654,2025-09-24 10:00:00,Referral,8,465,0,1,0,25,0
L0655,2025-09-24 12:00:00,Facebook,6,323,0,0,1,12,0
L0656,2025-09-24 14:00:00,Google,8,281,1,0,1,1,1
L0657,2025-09-24 16:00:00,Google,8,484,0,1,0,1,0
L0658,2025-09-24 18:00:00,Facebook,7,468,1,0,0,15,0
L0659,2025-09-24 20:00:00,Referral,9,615,0,0,4,18,0
L0660,2025-09-24 22:00:00,Facebook,9,677,0,1,1,7,1
L0661,2025-09-25 00:00:00,Facebook,6,302,0,1,1,8,0
L0662,2025-09-25 02:00:00,LinkedIn,5,388,0,0,1,9,0
L0663,2025-09-25 04:00:00,Referral,7,512,1,1,1,5,1
L0664,2025-09-25 06:00:00,Google,8,358,0,1,2,11,0
L0665,2025-09-25 08:00:00,Google,8,303,1,0,1,1,1
L0666,2025-09-25 10:00:00,Google,7,362,0,0,2,32,0
L0667,2025-09-25 12:00:00,Google,8,400,0,2,3,13,1
L0668,2025-09-25 14:00:00,Google,5,293,0,0,2,9,0
L0669,2025-09-25 16:00:00,Google,12,710,1,0,1,3,1
L0670,2025-09-25 18:00:00,Google,7,472,0,0,0,1,0
L0671,2025-09-25 20:00:00,Google,10,554,0,0,3,5,0
L0672,2025-09-25 22:00:00,WebsiteDirect,5,176,1,0,1,10,0
L0673,2025-09-26 00:00:00,Google,8,583,1,2,3,10,1
L0674,2025-09-26 02:00:00,Facebook,6,272,0,0,3,4,0
L0675,2025-09-26 04:00:00,Facebook,6,471,1,0,1,9,1
L0676,2025-09-26 06:00:00,LinkedIn,11,394,0,1,1,16,0
L0677,2025-09-26 08:00:00,Google,10,779,0,0,0,0,0
L0678,2025-09-26 10:00:00,Facebook,9,310,1,0,0,5,0
L0679,2025-09-26 12:00:00,LinkedIn,9,373,0,2,1,14,1
L0680,2025-09-26 14:00:00,WebsiteDirect,9,290,1,1,1,7,1
L0681,2025-09-26 16:00:00,WebsiteDirect,5,326,0,0,1,10,0
L0682,2025-09-26 18:00:00,Google,11,797,0,2,2,7,1
L0683,2025-09-26 20:00:00,Google,7,361,0,0,1,48,0
L0684,2025-09-26 22:00:00,Referral,6,458,0,2,2,0,0
L0685,2025-09-27 00:00:00,WebsiteDirect,5,297,0,0,1,6,0
L0686,2025-09-27 02:00:00,Facebook,10,615,0,2,2,0,1
L0687,2025-09-27 04:00:00,Facebook,8,578,0,1,1,1,0
L0688,2025-09-27 06:00:00,Google,10,448,0,0,1,4,0
L0689,2025-09-27 08:00:00,Referral,9,429,0,1,1,1,1
L0690,2025-09-27 10:00:00,Google,10,752,1,0,1,33,0
L0691,2025-09-27 12:00:00,Google,9,675,0,1,1,29,0
L0692,2025-09-27 14:00:00,Facebook,9,709,0,0,1,4,0
L0693,2025-09-27 16:00:00,Facebook,11,826,1,1,2,10,1
L0694,2025-09-27 18:00:00,Google,10,363,1,0,2,7,1
L0695,2025-09-27 20:00:00,Google,7,498,1,0,1,16,1
L0696,2025-09-27 22:00:00,Referral,9,454,0,0,0,9,0
L0697,2025-09-28 00:00:00,Google,9,715,0,1,3,0,1
L0698,2025-09-28 02:00:00,Facebook,2,107,0,0,2,14,0
L0699,2025-09-28 04:00:00,Google,11,634,1,1,3,13,1
L0700,2025-09-28 06:00:00,Facebook,9,508,0,0,0,7,0
L0701,2025-09-28 08:00:00,Facebook,5,230,0,1,3,23,0
L0702,2025-09-28 10:00:00,Google,2,67,0,0,2,23,0
L0703,2025-09-28 12:00:00,Google,6,448,0,0,2,7,0
L0704,2025-09-28 14:00:00,Google,6,420,0,0,1,9,0
L0705,2025-09-28 16:00:00,Google,6,221,0,0,2,56,0
L0706,2025-09-28 18:00:00,LinkedIn,8,550,0,0,3,3,0
L0707,2025-09-28 20:00:00,Google,7,429,1,1,1,3,1
L0708,2025-09-28 22:00:00,WebsiteDirect,7,353,0,1,0,2,0
L0709,2025-09-29 00:00:00,Google,6,256,0,0,1,22,0
L0710,2025-09-29 02:00:00,Referral,8,583,1,0,4,13,1
L0711,2025-09-29 04:00:00,Referral,9,585,1,0,5,1,1
L0712,2025-09-29 06:00:00,Facebook,8,459,0,1,3,40,0
L0713,2025-09-29 08:00:00,Facebook,7,423,0,0,2,13,0
L0714,2025-09-29 10:00:00,Facebook,12,414,0,1,1,19,0
L0715,2025-09-29 12:00:00,Google,8,429,0,0,1,0,0
L0716,2025-09-29 14:00:00,WebsiteDirect,6,238,0,0,2,7,0
L0717,2025-09-29 16:00:00,WebsiteDirect,9,363,1,3,1,11,1
L0718,2025-09-29 18:00:00,LinkedIn,7,441,1,1,0,7,1
L0719,2025-09-29 20:00:00,Google,8,604,1,0,0,10,0
L0720,2025-09-29 22:00:00,Referral,9,451,0,1,2,17,0
L0721,2025-09-30 00:00:00,WebsiteDirect,7,282,1,0,0,4,1
L0722,2025-09-30 02:00:00,Google,7,437,0,0,2,18,0
L0723,2025-09-30 04:00:00,Google,6,441,0,0,2,1,0
L0724,2025-09-30 06:00:00,Referral,7,471,0,1,1,3,0
L0725,2025-09-30 08:00:00,Facebook,10,734,0,0,0,0,0
L0726,2025-09-30 10:00:00,WebsiteDirect,10,568,1,0,0,4,0
L0727,2025-09-30 12:00:00,Google,7,473,0,2,2,4,1
L0728,2025-09-30 14:00:00,Referral,10,370,0,2,2,16,0
L0729,2025-09-30 16:00:00,Google,6,284,1,0,0,10,1
L0730,2025-09-30 18:00:00,Google,8,395,0,0,2,5,0
L0731,2025-09-30 20:00:00,Google,7,388,1,1,1,10,1
L0732,2025-09-30 22:00:00,WebsiteDirect,7,535,0,0,1,0,0
L0733,2025-10-01 00:00:00,Referral,8,589,0,0,2,1,0
L0734,2025-10-01 02:00:00,Facebook,9,330,1,1,2,9,1
L0735,2025-10-01 04:00:00,Facebook,9,347,0,2,1,10,1
L0736,2025-10-01 06:00:00,WebsiteDirect,10,478,0,0,1,14,0
L0737,2025-10-01 08:00:00,Facebook,7,311,0,0,2,5,0
L0738,2025-10-01 10:00:00,WebsiteDirect,4,242,0,1,0,12,0
L0739,2025-10-01 12:00:00,Facebook,6,450,0,0,3,11,0
L0740,2025-10-01 14:00:00,Facebook,7,546,0,0,3,33,0
L0741,2025-10-01 16:00:00,Facebook,6,376,0,0,1,2,0
L0742,2025-10-01 18:00:00,Google,10,719,1,2,4,8,1
L0743,2025-10-01 20:00:00,Referral,7,393,0,0,0,9,0
L0744,2025-10-01 22:00:00,Facebook,15,606,0,0,0,60,0
L0745,2025-10-02 00:00:00,Google,5,281,0,1,3,2,0
L0746,2025-10-02 02:00:00,WebsiteDirect,5,288,1,1,3,7,1
L0747,2025-10-02 04:00:00,Facebook,6,402,1,0,1,4,0
L0748,2025-10-02 06:00:00,Facebook,8,327,0,3,2,7,1
L0749,2025-10-02 08:00:00,WebsiteDirect,13,629,1,0,4,2,1
L0750,2025-10-02 10:00:00,Referral,8,385,0,0,0,0,0
L0751,2025-10-02 12:00:00,Google,6,467,0,1,1,8,1
L0752,2025-10-02 14:00:00,WebsiteDirect,13,678,1,0,1,4,1
L0753,2025-10-02 16:00:00,Referral,5,338,0,2,0,2,1
L0754,2025-10-02 18:00:00,Google,7,472,0,0,1,3,0
L0755,2025-10-02 20:00:00,Google,6,259,0,0,4,0,0
L0756,2025-10-02 22:00:00,Referral,6,351,1,1,4,30,0
L0757,2025-10-03 00:00:00,Referral,7,523,1,2,2,8,1
L0758,2025-10-03 02:00:00,Facebook,8,430,0,0,0,16,0
L0759,2025-10-03 04:00:00,WebsiteDirect,6,463,0,0,1,5,0
L0760,2025-10-03 06:00:00,Referral,9,366,0,0,0,23,0
L0761,2025-10-03 08:00:00,Google,7,235,0,0,0,6,0
L0762,2025-10-03 10:00:00,Google,6,447,0,0,1,8,0
L0763,2025-10-03 12:00:00,Google,6,434,0,0,2,6,0
L0764,2025-10-03 14:00:00,Referral,6,477,0,0,2,13,0
L0765,2025-10-03 16:00:00,Google,5,319,0,0,5,8,0
L0766,2025-10-03 18:00:00,Facebook,7,537,0,0,5,3,0
L0767,2025-10-03 20:00:00,Referral,4,285,0,0,3,1,1
L0768,2025-10-03 22:00:00,WebsiteDirect,12,866,0,0,2,9,0
L0769,2025-10-04 00:00:00,Google,6,350,0,1,3,6,0
L0770,2025-10-04 02:00:00,WebsiteDirect,10,491,1,0,1,1,1
L0771,2025-10-04 04:00:00,Google,4,306,0,1,1,5,0
L0772,2025-10-04 06:00:00,WebsiteDirect,8,412,1,0,3,7,1
L0773,2025-10-04 08:00:00,Google,2,113,1,2,2,17,1
L0774,2025-10-04 10:00:00,Facebook,6,313,0,0,0,0,0
L0775,2025-10-04 12:00:00,Referral,9,524,0,1,0,4,0
L0776,2025-10-04 14:00:00,Google,6,321,1,0,1,17,0
L0777,2025-10-04 16:00:00,Google,10,323,1,1,1,10,1
L0778,2025-10-04 18:00:00,Referral,6,444,0,1,3,3,0
L0779,2025-10-04 20:00:00,Referral,8,417,1,1,1,18,1
L0780,2025-10-04 22:00:00,Referral,3,178,0,0,2,6,0
L0781,2025-10-05 00:00:00,Referral,5,184,0,0,2,6,0
L0782,2025-10-05 02:00:00,Facebook,11,331,0,0,3,37,0
L0783,2025-10-05 04:00:00,Google,9,380,1,0,1,29,0
L0784,2025-10-05 06:00:00,Google,7,456,0,1,1,4,0
L0785,2025-10-05 08:00:00,Google,8,279,0,1,0,1,0
L0786,2025-10-05 10:00:00,WebsiteDirect,4,301,0,0,2,3,0
L0787,2025-10-05 12:00:00,Facebook,12,489,0,1,0,0,0
L0788,2025-10-05 14:00:00,Facebook,11,442,0,0,3,0,0
L0789,2025-10-05 16:00:00,Facebook,6,234,1,1,1,5,1
L0790,2025-10-05 18:00:00,WebsiteDirect,9,276,0,2,0,28,0
L0791,2025-10-05 20:00:00,Google,14,960,0,1,3,20,0
L0792,2025-10-05 22:00:00,Facebook,8,590,0,0,3,7,0
L0793,2025-10-06 00:00:00,Facebook,8,485,0,1,2,8,0
L0794,2025-10-06 02:00:00,Referral,6,236,0,1,0,0,0
L0795,2025-10-06 04:00:00,Google,8,354,0,2,0,2,1
L0796,2025-10-06 06:00:00,WebsiteDirect,6,322,0,0,1,0,0
L0797,2025-10-06 08:00:00,WebsiteDirect,11,854,0,0,2,14,0
L0798,2025-10-06 10:00:00,Facebook,5,211,0,1,1,1,1
L0799,2025-10-06 12:00:00,Referral,12,798,0,0,2,20,0
L0800,2025-10-06 14:00:00,WebsiteDirect,9,467,1,0,0,10,1
L0801,2025-10-06 16:00:00,Referral,11,493,0,2,4,2,1
L0802,2025-10-06 18:00:00,Google,6,316,0,0,2,1,0
L0803,2025-10-06 20:00:00,Facebook,9,302,1,0,3,9,0
L0804,2025-10-06 22:00:00,Referral,9,629,0,0,1,23,0
L0805,2025-10-07 00:00:00,Facebook,9,379,0,0,1,12,0
L0806,2025-10-07 02:00:00,Referral,9,596,0,2,2,4,1
L0807,2025-10-07 04:00:00,WebsiteDirect,7,233,0,0,2,8,0
L0808,2025-10-07 06:00:00,WebsiteDirect,5,388,0,0,3,3,0
L0809,2025-10-07 08:00:00,Facebook,2,79,1,0,0,60,0
L0810,2025-10-07 10:00:00,Google,9,667,0,0,1,13,0
L0811,2025-10-07 12:00:00,LinkedIn,6,422,0,0,2,9,0
L0812,2025-10-07 14:00:00,WebsiteDirect,7,548,0,0,1,5,0
L0813,2025-10-07 16:00:00,Google,4,215,1,1,2,9,0
L0814,2025-10-07 18:00:00,WebsiteDirect,9,597,1,1,2,4,1
L0815,2025-10-07 20:00:00,WebsiteDirect,8,388,0,2,1,0,1
L0816,2025-10-07 22:00:00,Facebook,10,392,0,0,1,5,0
L0817,2025-10-08 00:00:00,Facebook,9,469,0,0,1,26,0
L0818,2025-10-08 02:00:00,Facebook,9,344,0,0,1,9,0
L0819,2025-10-08 04:00:00,Google,2,158,0,0,4,0,0
L0820,2025-10-08 06:00:00,Google,6,208,0,0,2,21,0
L0821,2025-10-08 08:00:00,WebsiteDirect,7,416,0,0,3,3,0
L0822,2025-10-08 10:00:00,Google,7,429,1,0,0,2,0
L0823,2025-10-08 12:00:00,Google,9,512,1,0,1,3,1
L0824,2025-10-08 14:00:00,Facebook,6,378,0,1,1,8,0
L0825,2025-10-08 16:00:00,Facebook,6,214,0,1,1,7,0
L0826,2025-10-08 18:00:00,WebsiteDirect,10,577,1,0,2,6,0
L0827,2025-10-08 20:00:00,Google,10,443,0,0,1,12,0
L0828,2025-10-08 22:00:00,Google,12,924,1,0,1,3,1
L0829,2025-10-09 00:00:00,Referral,8,544,0,0,1,15,0
L0830,2025-10-09 02:00:00,Facebook,5,393,0,0,2,1,0
L0831,2025-10-09 04:00:00,Google,8,255,0,0,0,15,0
L0832,2025-10-09 06:00:00,Facebook,8,354,0,1,2,10,0
L0833,2025-10-09 08:00:00,Google,8,318,0,1,2,11,0
L0834,2025-10-09 10:00:00,Google,14,427,0,1,2,6,0
L0835,2025-10-09 12:00:00,Facebook,2,84,0,3,4,10,1
L0836,2025-10-09 14:00:00,Facebook,7,447,0,1,1,0,0
L0837,2025-10-09 16:00:00,WebsiteDirect,7,290,1,1,2,19,0
L0838,2025-10-09 18:00:00,Facebook,5,277,0,0,1,0,0
L0839,2025-10-09 20:00:00,Facebook,7,520,0,0,3,1,0
L0840,2025-10-09 22:00:00,Referral,8,517,0,0,1,8,0
L0841,2025-10-10 00:00:00,Google,8,397,0,2,4,13,1
L0842,2025-10-10 02:00:00,Referral,12,583,0,1,0,0,1
L0843,2025-10-10 04:00:00,Google,4,211,0,0,2,25,0
L0844,2025-10-10 06:00:00,LinkedIn,6,233,0,0,0,36,0
L0845,2025-10-10 08:00:00,Google,8,493,0,0,2,9,0
L0846,2025-10-10 10:00:00,Facebook,9,433,1,0,2,6,1
L0847,2025-10-10 12:00:00,Google,6,435,0,0,0,13,0
L0848,2025-10-10 14:00:00,LinkedIn,11,746,0,0,3,3,0
L0849,2025-10-10 16:00:00,Facebook,6,363,0,0,4,6,0
L0850,2025-10-10 18:00:00,Facebook,9,433,0,0,1,24,0
L0851,2025-10-10 20:00:00,Google,12,485,1,1,2,31,1
L0852,2025-10-10 22:00:00,Referral,7,481,0,0,2,26,0
L0853,2025-10-11 00:00:00,Google,14,760,1,0,0,3,1
L0854,2025-10-11 02:00:00,WebsiteDirect,6,247,0,0,1,2,0
L0855,2025-10-11 04:00:00,Google,9,357,0,0,1,3,0
L0856,2025-10-11 06:00:00,Google,8,306,0,0,3,5,0
L0857,2025-10-11 08:00:00,Google,10,688,0,0,0,3,0
L0858,2025-10-11 10:00:00,Facebook,9,373,0,0,3,4,0
L0859,2025-10-11 12:00:00,Facebook,5,281,1,0,0,9,0
L0860,2025-10-11 14:00:00,Google,7,368,1,0,2,14,1
L0861,2025-10-11 16:00:00,Referral,10,589,0,1,2,13,0
L0862,2025-10-11 18:00:00,Facebook,6,443,0,0,2,16,0
L0863,2025-10-11 20:00:00,Facebook,7,513,0,0,1,0,0
L0864,2025-10-11 22:00:00,Facebook,8,420,0,1,0,0,1
L0865,2025-10-12 00:00:00,Facebook,6,184,0,1,4,15,0
L0866,2025-10-12 02:00:00,Facebook,5,256,0,0,0,7,0
L0867,2025-10-12 04:00:00,Google,7,422,1,0,2,8,0
L0868,2025-10-12 06:00:00,Google,4,231,0,0,0,0,0
L0869,2025-10-12 08:00:00,WebsiteDirect,12,750,0,0,0,2,1
L0870,2025-10-12 10:00:00,WebsiteDirect,12,452,0,0,4,10,0
L0871,2025-10-12 12:00:00,Facebook,9,560,0,0,2,19,0
L0872,2025-10-12 14:00:00,Google,7,273,1,0,1,24,0
L0873,2025-10-12 16:00:00,Referral,5,337,1,0,1,6,0
L0874,2025-10-12 18:00:00,Facebook,5,234,1,1,1,7,1
L0875,2025-10-12 20:00:00,Google,7,458,0,4,0,17,1
L0876,2025-10-12 22:00:00,Google,6,194,0,0,3,7,0
L0877,2025-10-13 00:00:00,Referral,7,352,0,0,0,7,0
L0878,2025-10-13 02:00:00,Referral,9,587,0,0,0,23,0
L0879,2025-10-13 04:00:00,Google,8,330,0,2,2,15,1
L0880,2025-10-13 06:00:00,Google,6,418,0,0,4,23,0
L0881,2025-10-13 08:00:00,Google,9,553,0,0,1,2,0
L0882,2025-10-13 10:00:00,Referral,8,475,0,0,1,7,0
L0883,2025-10-13 12:00:00,Google,5,238,0,0,1,18,0
L0884,2025-10-13 14:00:00,Google,9,487,0,0,0,1,0
L0885,2025-10-13 16:00:00,Referral,6,359,0,1,3,15,0
L0886,2025-10-13 18:00:00,Google,8,428,0,1,0,2,1
L0887,2025-10-13 20:00:00,Referral,6,389,0,1,1,16,0
L0888,2025-10-13 22:00:00,Google,7,361,0,1,2,9,0
L0889,2025-10-14 00:00:00,Google,8,320,0,0,2,2,0
L0890,2025-10-14 02:00:00,Google,5,203,1,0,1,6,0
L0891,2025-10-14 04:00:00,Referral,8,242,0,1,0,11,0
L0892,2025-10-14 06:00:00,WebsiteDirect,5,225,0,0,3,10,0
L0893,2025-10-14 08:00:00,WebsiteDirect,9,607,0,0,2,5,0
L0894,2025-10-14 10:00:00,Facebook,11,766,1,1,2,22,1
L0895,2025-10-14 12:00:00,Referral,8,320,0,0,3,7,0
L0896,2025-10-14 14:00:00,Google,6,467,0,0,3,7,0
L0897,2025-10-14 16:00:00,Google,11,606,0,3,1,0,1
L0898,2025-10-14 18:00:00,WebsiteDirect,7,530,0,0,3,25,0
L0899,2025-10-14 20:00:00,Google,10,653,1,0,1,1,0
L0900,2025-10-14 22:00:00,Google,8,528,0,1,3,7,0
L0901,2025-10-15 00:00:00,Google,9,308,1,0,1,16,0
L0902,2025-10-15 02:00:00,Google,7,286,1,0,3,2,1
L0903,2025-10-15 04:00:00,Google,7,213,0,0,2,7,0
L0904,2025-10-15 06:00:00,Facebook,12,789,0,1,3,2,1
L0905,2025-10-15 08:00:00,Facebook,3,141,0,2,0,14,0
L0906,2025-10-15 10:00:00,WebsiteDirect,6,415,1,3,0,8,1
L0907,2025-10-15 12:00:00,WebsiteDirect,9,422,0,0,1,19,0
L0908,2025-10-15 14:00:00,Google,8,567,1,0,1,22,0
L0909,2025-10-15 16:00:00,Google,8,292,0,1,1,10,0
L0910,2025-10-15 18:00:00,Facebook,7,270,0,1,2,12,0
L0911,2025-10-15 20:00:00,Facebook,9,423,1,0,1,7,1
L0912,2025-10-15 22:00:00,Google,11,554,0,0,1,4,0
L0913,2025-10-16 00:00:00,Referral,8,379,0,0,3,10,0
L0914,2025-10-16 02:00:00,Facebook,7,477,0,1,1,23,0
L0915,2025-10-16 04:00:00,Facebook,8,278,0,0,2,5,0
L0916,2025-10-16 06:00:00,Facebook,15,713,0,0,3,3,1
L0917,2025-10-16 08:00:00,Google,14,1006,0,0,2,4,0
L0918,2025-10-16 10:00:00,WebsiteDirect,10,333,0,0,1,5,0
L0919,2025-10-16 12:00:00,Referral,6,462,1,0,0,0,1
L0920,2025-10-16 14:00:00,Google,13,1031,1,0,4,6,1
L0921,2025-10-16 16:00:00,WebsiteDirect,4,137,0,0,1,6,0
L0922,2025-10-16 18:00:00,Facebook,4,178,0,0,0,8,0
L0923,2025-10-16 20:00:00,WebsiteDirect,7,340,0,1,2,4,0
L0924,2025-10-16 22:00:00,Referral,10,688,0,1,1,9,0
L0925,2025-10-17 00:00:00,Facebook,13,777,0,0,3,21,0
L0926,2025-10-17 02:00:00,Google,6,373,1,1,1,31,0
L0927,2025-10-17 04:00:00,Google,10,678,1,3,1,8,1
L0928,2025-10-17 06:00:00,Facebook,5,179,0,0,0,0,0
L0929,2025-10-17 08:00:00,Referral,11,788,0,0,1,34,0
L0930,2025-10-17 10:00:00,Google,6,391,0,0,0,12,0
L0931,2025-10-17 12:00:00,Google,8,470,0,1,2,4,1
L0932,2025-10-17 14:00:00,WebsiteDirect,4,297,0,0,1,1,0
L0933,2025-10-17 16:00:00,LinkedIn,8,520,0,1,1,1,0
L0934,2025-10-17 18:00:00,Facebook,9,360,1,2,1,1,1
L0935,2025-10-17 20:00:00,Google,11,566,0,1,2,0,0
L0936,2025-10-17 22:00:00,Google,8,437,1,0,1,23,0
L0937,2025-10-18 00:00:00,Google,8,262,0,2,1,7,1
L0938,2025-10-18 02:00:00,WebsiteDirect,9,699,0,0,1,12,0
L0939,2025-10-18 04:00:00,Google,13,473,1,0,2,17,1
L0940,2025-10-18 06:00:00,Facebook,10,648,1,0,0,15,0
L0941,2025-10-18 08:00:00,Google,9,497,0,0,3,21,0
L0942,2025-10-18 10:00:00,Facebook,8,250,0,0,1,34,0
L0943,2025-10-18 12:00:00,Referral,7,533,1,0,1,5,1
L0944,2025-10-18 14:00:00,WebsiteDirect,12,871,0,0,1,30,0
L0945,2025-10-18 16:00:00,Google,2,112,0,0,3,12,0
L0946,2025-10-18 18:00:00,Google,6,248,0,2,3,0,1
L0947,2025-10-18 20:00:00,Google,6,216,1,0,0,11,1
L0948,2025-10-18 22:00:00,WebsiteDirect,6,289,0,0,0,11,0
L0949,2025-10-19 00:00:00,WebsiteDirect,13,556,1,0,2,23,1
L0950,2025-10-19 02:00:00,Facebook,6,332,0,0,3,4,0
L0951,2025-10-19 04:00:00,Referral,6,469,0,1,1,8,0
L0952,2025-10-19 06:00:00,Referral,9,528,0,1,0,0,0
L0953,2025-10-19 08:00:00,Google,8,595,1,2,0,4,1
L0954,2025-10-19 10:00:00,WebsiteDirect,14,875,0,0,1,0,0
L0955,2025-10-19 12:00:00,Facebook,6,322,0,0,0,7,0
L0956,2025-10-19 14:00:00,Facebook,4,290,0,0,0,17,0
L0957,2025-10-19 16:00:00,Facebook,9,482,0,1,0,2,0
L0958,2025-10-19 18:00:00,Google,7,514,1,0,2,7,0
L0959,2025-10-19 20:00:00,Google,8,356,0,0,1,2,0
L0960,2025-10-19 22:00:00,Referral,8,291,1,0,0,1,1
L0961,2025-10-20 00:00:00,Google,10,727,0,1,1,7,1
L0962,2025-10-20 02:00:00,Referral,6,356,1,1,4,0,1
L0963,2025-10-20 04:00:00,Google,4,297,0,0,1,8,0
L0964,2025-10-20 06:00:00,Facebook,10,768,0,0,1,0,0
L0965,2025-10-20 08:00:00,Google,10,326,1,1,2,1,1
L0966,2025-10-20 10:00:00,Facebook,5,275,0,0,1,7,0
L0967,2025-10-20 12:00:00,Referral,7,341,1,0,3,8,1
L0968,2025-10-20 14:00:00,Google,8,490,1,0,0,0,1
L0969,2025-10-20 16:00:00,Facebook,4,278,0,1,1,8,0
L0970,2025-10-20 18:00:00,Facebook,7,308,0,0,0,18,0
L0971,2025-10-20 20:00:00,Referral,12,694,0,0,2,12,0
L0972,2025-10-20 22:00:00,WebsiteDirect,8,523,0,1,0,1,0
L0973,2025-10-21 00:00:00,Referral,6,220,0,2,1,8,0
L0974,2025-10-21 02:00:00,Google,5,353,0,0,2,11,0
L0975,2025-10-21 04:00:00,Google,8,482,1,0,0,0,1
L0976,2025-10-21 06:00:00,Google,9,697,1,1,0,19,1
L0977,2025-10-21 08:00:00,Facebook,4,187,0,0,2,23,0
L0978,2025-10-21 10:00:00,Google,9,318,1,1,0,19,0
L0979,2025-10-21 12:00:00,Facebook,6,331,1,0,0,17,0
L0980,2025-10-21 14:00:00,Facebook,11,377,1,0,2,13,1
L0981,2025-10-21 16:00:00,Google,9,706,0,0,3,10,0
L0982,2025-10-21 18:00:00,Referral,8,255,0,0,0,11,0
L0983,2025-10-21 20:00:00,Google,8,541,0,0,0,16,0
L0984,2025-10-21 22:00:00,Google,7,393,0,1,3,10,0
L0985,2025-10-22 00:00:00,Referral,7,339,0,1,1,3,0
L0986,2025-10-22 02:00:00,Facebook,7,233,1,0,1,4,0
L0987,2025-10-22 04:00:00,Referral,7,427,0,1,0,22,0
L0988,2025-10-22 06:00:00,Facebook,12,711,0,2,1,0,1
L0989,2025-10-22 08:00:00,Google,11,484,0,0,1,12,0
L0990,2025-10-22 10:00:00,WebsiteDirect,7,528,1,0,3,30,0
L0991,2025-10-22 12:00:00,Referral,4,180,1,0,4,12,1
L0992,2025-10-22 14:00:00,Referral,14,734,1,0,1,51,1
L0993,2025-10-22 16:00:00,Google,10,571,0,0,3,11,0
L0994,2025-10-22 18:00:00,Facebook,11,385,1,1,1,0,1
L0995,2025-10-22 20:00:00,Facebook,5,383,1,2,1,17,1
L0996,2025-10-22 22:00:00,Google,13,633,0,1,1,3,0
L0997,2025-10-23 00:00:00,WebsiteDirect,8,272,0,0,2,5,0
L0998,2025-10-23 02:00:00,Google,5,246,0,1,0,3,0
L0999,2025-10-23 04:00:00,LinkedIn,7,420,0,0,1,3,0
L1000,2025-10-23 06:00:00,Facebook,8,445,0,2,2,5,1
